agent_job_audit_id,agent_server_scheduler_id,job_start_dt,job_completed_dt,job_next_run_dt,-,status,pid,rows|sec
"251866542","987","2014-11-20 13:02:01",\N,"2014-11-20 13:02:00",\N,"STARTING","40417",\N
"251866697","987","2014-11-20 13:02:01","2014-11-20 13:02:01","2014-11-20 13:07:00",\N,"COMPLETED","40417","0"
"251871670","987","2014-11-20 13:07:01",\N,"2014-11-20 13:07:00",\N,"STARTING","49089",\N
"251871773","987","2014-11-20 13:07:01","2014-11-20 13:07:01","2014-11-20 13:12:00",\N,"COMPLETED","49089","0"
"251876864","987","2014-11-20 13:12:01",\N,"2014-11-20 13:12:00",\N,"STARTING","10676",\N
"251877075","987","2014-11-20 13:12:01","2014-11-20 13:12:01","2014-11-20 13:17:00",\N,"COMPLETED","10676","0"
"251881874","987","2014-11-20 13:17:01",\N,"2014-11-20 13:17:00",\N,"STARTING","19812",\N
"251882125","987","2014-11-20 13:17:01","2014-11-20 13:17:02","2014-11-20 13:22:00",\N,"COMPLETED","19812","1"
"251887150","987","2014-11-20 13:22:01",\N,"2014-11-20 13:22:00",\N,"STARTING","30117",\N
"251887266","987","2014-11-20 13:22:01","2014-11-20 13:22:02","2014-11-20 13:27:00",\N,"COMPLETED","30117","1"
"251892268","987","2014-11-20 13:27:01",\N,"2014-11-20 13:27:00",\N,"STARTING","38790",\N
"251892406","987","2014-11-20 13:27:01","2014-11-20 13:27:02","2014-11-20 13:32:00",\N,"COMPLETED","38790","1"
"251896805","987","2014-11-20 13:32:01",\N,"2014-11-20 13:32:00",\N,"STARTING","49080",\N
"251896886","987","2014-11-20 13:32:01","2014-11-20 13:32:01","2014-11-20 13:37:00",\N,"COMPLETED","49080","0"
"251901885","987","2014-11-20 13:37:01",\N,"2014-11-20 13:37:00",\N,"STARTING","9028",\N
"251902004","987","2014-11-20 13:37:01","2014-11-20 13:37:01","2014-11-20 13:42:00",\N,"COMPLETED","9028","0"
"251907100","987","2014-11-20 13:42:01",\N,"2014-11-20 13:42:00",\N,"STARTING","19379",\N
"251907200","987","2014-11-20 13:42:01","2014-11-20 13:42:01","2014-11-20 13:47:00",\N,"COMPLETED","19379","0"
"251912322","987","2014-11-20 13:47:01",\N,"2014-11-20 13:47:00",\N,"STARTING","28487",\N
"251912471","987","2014-11-20 13:47:01","2014-11-20 13:47:01","2014-11-20 13:52:00",\N,"COMPLETED","28487","0"
"251917797","987","2014-11-20 13:52:01",\N,"2014-11-20 13:52:00",\N,"STARTING","38796",\N
"251917977","987","2014-11-20 13:52:01","2014-11-20 13:52:01","2014-11-20 13:57:00",\N,"COMPLETED","38796","0"
"251923121","987","2014-11-20 13:57:01",\N,"2014-11-20 13:57:00",\N,"STARTING","47466",\N
"251923259","987","2014-11-20 13:57:01","2014-11-20 13:57:01","2014-11-20 14:02:00",\N,"COMPLETED","47466","0"
"251928614","987","2014-11-20 14:02:02",\N,"2014-11-20 14:02:00",\N,"STARTING","9085",\N
"251928750","987","2014-11-20 14:02:02","2014-11-20 14:02:02","2014-11-20 14:07:00",\N,"COMPLETED","9085","0"
"251933667","987","2014-11-20 14:07:02",\N,"2014-11-20 14:07:00",\N,"STARTING","17785",\N
"251933770","987","2014-11-20 14:07:02","2014-11-20 14:07:02","2014-11-20 14:12:00",\N,"COMPLETED","17785","0"
"251938289","987","2014-11-20 14:12:01",\N,"2014-11-20 14:12:00",\N,"STARTING","28080",\N
"251938424","987","2014-11-20 14:12:01","2014-11-20 14:12:01","2014-11-20 14:17:00",\N,"COMPLETED","28080","0"
"251943355","987","2014-11-20 14:17:01",\N,"2014-11-20 14:17:00",\N,"STARTING","37182",\N
"251943663","987","2014-11-20 14:17:01","2014-11-20 14:17:01","2014-11-20 14:22:00",\N,"COMPLETED","37182","0"
"251948520","987","2014-11-20 14:22:01",\N,"2014-11-20 14:22:00",\N,"STARTING","47486",\N
"251948706","987","2014-11-20 14:22:01","2014-11-20 14:22:01","2014-11-20 14:27:00",\N,"COMPLETED","47486","0"
"251953559","987","2014-11-20 14:27:01",\N,"2014-11-20 14:27:00",\N,"STARTING","7392",\N
"251953663","987","2014-11-20 14:27:01","2014-11-20 14:27:01","2014-11-20 14:32:00",\N,"COMPLETED","7392","0"
"251959158","987","2014-11-20 14:32:01",\N,"2014-11-20 14:32:00",\N,"STARTING","17750",\N
"251959251","987","2014-11-20 14:32:01","2014-11-20 14:32:02","2014-11-20 14:37:00",\N,"COMPLETED","17750","1"
"251964186","987","2014-11-20 14:37:01",\N,"2014-11-20 14:37:00",\N,"STARTING","26419",\N
"251964361","987","2014-11-20 14:37:01","2014-11-20 14:37:02","2014-11-20 14:42:00",\N,"COMPLETED","26419","1"
"251968896","987","2014-11-20 14:42:01",\N,"2014-11-20 14:42:00",\N,"STARTING","36232",\N
"251968969","987","2014-11-20 14:42:01","2014-11-20 14:42:01","2014-11-20 14:47:00",\N,"COMPLETED","36232","0"
"251973963","987","2014-11-20 14:47:01",\N,"2014-11-20 14:47:00",\N,"STARTING","42918",\N
"251974033","987","2014-11-20 14:47:01","2014-11-20 14:47:01","2014-11-20 14:52:00",\N,"COMPLETED","42918","0"
"251979275","987","2014-11-20 14:52:01",\N,"2014-11-20 14:52:00",\N,"STARTING","2525",\N
"251979433","987","2014-11-20 14:52:01","2014-11-20 14:52:01","2014-11-20 14:57:00",\N,"COMPLETED","2525","0"
"251984582","987","2014-11-20 14:57:01",\N,"2014-11-20 14:57:00",\N,"STARTING","8831",\N
"251984718","987","2014-11-20 14:57:01","2014-11-20 14:57:01","2014-11-20 15:02:00",\N,"COMPLETED","8831","0"
"251990011","987","2014-11-20 15:02:01",\N,"2014-11-20 15:02:00",\N,"STARTING","17112",\N
"251998615","987","2014-11-20 15:02:01","2014-11-20 15:10:37","2014-11-20 15:10:00",\N,"COMPLETED","17112","516"
"252008137","987","2014-11-20 15:10:00",\N,\N,"3","OVERRUNNING","30528",\N
"251998613","987","2014-11-20 15:10:36",\N,\N,\N,"PROCESSED_EMAIL","17112","25000"
"251999212","987","2014-11-20 15:11:01",\N,"2014-11-20 15:10:00",\N,"STARTING","30528",\N
"252011648","987","2014-11-20 15:11:01","2014-11-20 15:23:19","2014-11-20 15:23:00",\N,"COMPLETED","30528","738"
"252020705","987","2014-11-20 15:23:00",\N,\N,"2","OVERRUNNING","5015",\N
"252011645","987","2014-11-20 15:23:18",\N,\N,\N,"PROCESSED_EMAIL","30528","25000"
"252012326","987","2014-11-20 15:24:02",\N,"2014-11-20 15:23:00",\N,"STARTING","5015",\N
"252027678","987","2014-11-20 15:24:02","2014-11-20 15:39:27","2014-11-20 15:39:00",\N,"COMPLETED","5015","925"
"252037279","987","2014-11-20 15:39:00",\N,\N,"2","OVERRUNNING","36115",\N
"252027676","987","2014-11-20 15:39:25",\N,\N,\N,"PROCESSED_EMAIL","5015","25000"
"252028171","987","2014-11-20 15:40:01",\N,"2014-11-20 15:39:00",\N,"STARTING","36115",\N
"252038506","987","2014-11-20 15:40:01","2014-11-20 15:50:15","2014-11-20 15:50:00",\N,"COMPLETED","36115","614"
"252028549","987","2014-11-20 15:40:03",\N,\N,\N,"PROCESSED_EMAIL","36115","11"
"252048163","987","2014-11-20 15:50:00",\N,\N,"2","OVERRUNNING","8344",\N
"252038503","987","2014-11-20 15:50:14",\N,\N,\N,"PROCESSED_EMAIL","36115","24989"
"252039094","987","2014-11-20 15:51:01",\N,"2014-11-20 15:50:00",\N,"STARTING","8344",\N
"252049729","987","2014-11-20 15:51:01","2014-11-20 16:01:17","2014-11-20 16:01:00",\N,"COMPLETED","8344","616"
"252039424","987","2014-11-20 15:51:03",\N,\N,\N,"PROCESSED_EMAIL","8344","11"
"252059375","987","2014-11-20 16:01:00",\N,\N,"2","OVERRUNNING","29069",\N
"252049726","987","2014-11-20 16:01:16",\N,\N,\N,"PROCESSED_EMAIL","8344","24989"
"252050016","987","2014-11-20 16:02:01",\N,"2014-11-20 16:01:00",\N,"STARTING","29069",\N
"252061893","987","2014-11-20 16:02:01","2014-11-20 16:13:12","2014-11-20 16:13:00",\N,"COMPLETED","29069","671"
"252071164","987","2014-11-20 16:13:00",\N,\N,"3","OVERRUNNING","2559",\N
"252061887","987","2014-11-20 16:13:10",\N,\N,\N,"PROCESSED_EMAIL","29069","25000"
"252062138","987","2014-11-20 16:14:01",\N,"2014-11-20 16:13:00",\N,"STARTING","2559",\N
"252072889","987","2014-11-20 16:14:01","2014-11-20 16:24:50","2014-11-20 16:24:00",\N,"COMPLETED","2559","649"
"252082114","987","2014-11-20 16:24:00",\N,\N,"3","OVERRUNNING","23349",\N
"252072886","987","2014-11-20 16:24:49",\N,\N,\N,"PROCESSED_EMAIL","2559","25000"
"252072970","987","2014-11-20 16:25:01",\N,"2014-11-20 16:24:00",\N,"STARTING","23349",\N
"252082894","987","2014-11-20 16:25:01","2014-11-20 16:34:57","2014-11-20 16:34:00",\N,"COMPLETED","23349","596"
"252092360","987","2014-11-20 16:34:00",\N,\N,"2","OVERRUNNING","42328",\N
"252082869","987","2014-11-20 16:34:56",\N,\N,\N,"PROCESSED_EMAIL","23349","25000"
"252083283","987","2014-11-20 16:35:01",\N,"2014-11-20 16:34:00",\N,"STARTING","42328",\N
"252092679","987","2014-11-20 16:35:01","2014-11-20 16:44:31","2014-11-20 16:44:00",\N,"COMPLETED","42328","570"
"252092678","987","2014-11-20 16:44:29",\N,\N,\N,"PROCESSED_EMAIL","42328","25000"
"252092823","987","2014-11-20 16:45:01",\N,"2014-11-20 16:44:00",\N,"STARTING","12591",\N
"252101893","987","2014-11-20 16:45:01","2014-11-20 16:53:20","2014-11-20 16:53:00",\N,"COMPLETED","12591","499"
"252101892","987","2014-11-20 16:53:19",\N,\N,\N,"PROCESSED_EMAIL","12591","25000"
"252102254","987","2014-11-20 16:54:01",\N,"2014-11-20 16:53:00",\N,"STARTING","29963",\N
"252109859","987","2014-11-20 16:54:01","2014-11-20 17:01:09","2014-11-20 17:01:00",\N,"COMPLETED","29963","428"
"252109855","987","2014-11-20 17:01:08",\N,\N,\N,"PROCESSED_EMAIL","29963","25000"
"252110412","987","2014-11-20 17:02:01",\N,"2014-11-20 17:01:00",\N,"STARTING","45652",\N
"252115956","987","2014-11-20 17:02:01","2014-11-20 17:07:38","2014-11-20 17:07:00",\N,"COMPLETED","45652","337"
"252115955","987","2014-11-20 17:07:37",\N,\N,\N,"PROCESSED_EMAIL","45652","25000"
"252116696","987","2014-11-20 17:08:02",\N,"2014-11-20 17:07:00",\N,"STARTING","7830",\N
"252123921","987","2014-11-20 17:08:02","2014-11-20 17:15:15","2014-11-20 17:15:00",\N,"COMPLETED","7830","433"
"252133209","987","2014-11-20 17:15:00",\N,\N,"3","OVERRUNNING","22624",\N
"252123919","987","2014-11-20 17:15:14",\N,\N,\N,"PROCESSED_EMAIL","7830","25000"
"252124704","987","2014-11-20 17:16:02",\N,"2014-11-20 17:15:00",\N,"STARTING","22624",\N
"252134121","987","2014-11-20 17:16:02","2014-11-20 17:25:57","2014-11-20 17:25:00",\N,"COMPLETED","22624","595"
"252143908","987","2014-11-20 17:25:00",\N,\N,"2","OVERRUNNING","41588",\N
"252134094","987","2014-11-20 17:25:56",\N,\N,\N,"PROCESSED_EMAIL","22624","25000"
"252134533","987","2014-11-20 17:26:01",\N,"2014-11-20 17:25:00",\N,"STARTING","41588",\N
"252145144","987","2014-11-20 17:26:01","2014-11-20 17:36:22","2014-11-20 17:36:00",\N,"COMPLETED","41588","621"
"252154653","987","2014-11-20 17:36:00",\N,\N,"4","OVERRUNNING","13876",\N
"252145139","987","2014-11-20 17:36:21",\N,\N,\N,"PROCESSED_EMAIL","41588","25000"
"252145331","987","2014-11-20 17:37:01",\N,"2014-11-20 17:36:00",\N,"STARTING","13876",\N
"252157389","987","2014-11-20 17:37:01","2014-11-20 17:48:53","2014-11-20 17:48:00",\N,"COMPLETED","13876","712"
"252166714","987","2014-11-20 17:48:00",\N,\N,"2","OVERRUNNING","37266",\N
"252157388","987","2014-11-20 17:48:52",\N,\N,\N,"PROCESSED_EMAIL","13876","25000"
"252157530","987","2014-11-20 17:49:01",\N,"2014-11-20 17:48:00",\N,"STARTING","37266",\N
"252168410","987","2014-11-20 17:49:01","2014-11-20 17:59:11","2014-11-20 17:59:00",\N,"COMPLETED","37266","610"
"252168402","987","2014-11-20 17:59:10",\N,\N,\N,"PROCESSED_EMAIL","37266","25000"
"252169070","987","2014-11-20 18:00:02",\N,"2014-11-20 17:59:00",\N,"STARTING","9689",\N
"252174418","987","2014-11-20 18:00:02","2014-11-20 18:05:55","2014-11-20 18:05:00",\N,"COMPLETED","9689","353"
"252174386","987","2014-11-20 18:05:53",\N,\N,\N,"PROCESSED_EMAIL","9689","25000"
"252174770","987","2014-11-20 18:06:01",\N,"2014-11-20 18:05:00",\N,"STARTING","20176",\N
"252178314","987","2014-11-20 18:06:01","2014-11-20 18:09:08","2014-11-20 18:10:00",\N,"COMPLETED","20176","187"
"252178309","987","2014-11-20 18:09:07",\N,\N,\N,"PROCESSED_EMAIL","20176","25000"
"252178713","987","2014-11-20 18:10:01",\N,"2014-11-20 18:10:00",\N,"STARTING","24250",\N
"252181193","987","2014-11-20 18:10:01","2014-11-20 18:12:29","2014-11-20 18:15:00",\N,"COMPLETED","24250","148"
"252181192","987","2014-11-20 18:12:28",\N,\N,\N,"PROCESSED_EMAIL","24250","19628"
"252183782","987","2014-11-20 18:15:01",\N,"2014-11-20 18:15:00",\N,"STARTING","32188",\N
"252184080","987","2014-11-20 18:15:01","2014-11-20 18:15:02","2014-11-20 18:20:00",\N,"COMPLETED","32188","1"
"252188700","987","2014-11-20 18:20:01",\N,"2014-11-20 18:20:00",\N,"STARTING","42409",\N
"252188848","987","2014-11-20 18:20:01","2014-11-20 18:20:02","2014-11-20 18:25:00",\N,"COMPLETED","42409","1"
"252193394","987","2014-11-20 18:25:01",\N,"2014-11-20 18:25:00",\N,"STARTING","2311",\N
"252193467","987","2014-11-20 18:25:01","2014-11-20 18:25:01","2014-11-20 18:30:00",\N,"COMPLETED","2311","0"
"252198227","987","2014-11-20 18:30:01",\N,"2014-11-20 18:30:00",\N,"STARTING","12702",\N
"252198836","987","2014-11-20 18:30:01","2014-11-20 18:30:02","2014-11-20 18:35:00",\N,"COMPLETED","12702","1"
"252203570","987","2014-11-20 18:35:01",\N,"2014-11-20 18:35:00",\N,"STARTING","21468",\N
"252203852","987","2014-11-20 18:35:01","2014-11-20 18:35:02","2014-11-20 18:40:00",\N,"COMPLETED","21468","1"
"252208444","987","2014-11-20 18:40:01",\N,"2014-11-20 18:40:00",\N,"STARTING","31724",\N
"252208596","987","2014-11-20 18:40:01","2014-11-20 18:40:02","2014-11-20 18:45:00",\N,"COMPLETED","31724","1"
"252213051","987","2014-11-20 18:45:01",\N,"2014-11-20 18:45:00",\N,"STARTING","40858",\N
"252213688","987","2014-11-20 18:45:01","2014-11-20 18:45:02","2014-11-20 18:50:00",\N,"COMPLETED","40858","1"
"252218092","987","2014-11-20 18:50:01",\N,"2014-11-20 18:50:00",\N,"STARTING","2279",\N
"252218452","987","2014-11-20 18:50:01","2014-11-20 18:50:01","2014-11-20 18:55:00",\N,"COMPLETED","2279","0"
"252223606","987","2014-11-20 18:55:02",\N,"2014-11-20 18:55:00",\N,"STARTING","11159",\N
"252223928","987","2014-11-20 18:55:02","2014-11-20 18:55:02","2014-11-20 19:00:00",\N,"COMPLETED","11159","0"
"252228602","987","2014-11-20 19:00:02",\N,"2014-11-20 19:00:00",\N,"STARTING","21458",\N
"252228856","987","2014-11-20 19:00:02","2014-11-20 19:00:02","2014-11-20 19:05:00",\N,"COMPLETED","21458","0"
"252233332","987","2014-11-20 19:05:01",\N,"2014-11-20 19:05:00",\N,"STARTING","30211",\N
"252234015","987","2014-11-20 19:05:01","2014-11-20 19:05:02","2014-11-20 19:10:00",\N,"COMPLETED","30211","1"
"252238500","987","2014-11-20 19:10:01",\N,"2014-11-20 19:10:00",\N,"STARTING","40471",\N
"252238678","987","2014-11-20 19:10:01","2014-11-20 19:10:01","2014-11-20 19:15:00",\N,"COMPLETED","40471","0"
"252243779","987","2014-11-20 19:15:01",\N,"2014-11-20 19:15:00",\N,"STARTING","778",\N
"252244239","987","2014-11-20 19:15:01","2014-11-20 19:15:02","2014-11-20 19:20:00",\N,"COMPLETED","778","1"
"252249066","987","2014-11-20 19:20:01",\N,"2014-11-20 19:20:00",\N,"STARTING","11184",\N
"252249174","987","2014-11-20 19:20:01","2014-11-20 19:20:02","2014-11-20 19:25:00",\N,"COMPLETED","11184","1"
"252253598","987","2014-11-20 19:25:01",\N,"2014-11-20 19:25:00",\N,"STARTING","19922",\N
"252254258","987","2014-11-20 19:25:01","2014-11-20 19:25:02","2014-11-20 19:30:00",\N,"COMPLETED","19922","1"
"252258729","987","2014-11-20 19:30:01",\N,"2014-11-20 19:30:00",\N,"STARTING","30211",\N
"252258805","987","2014-11-20 19:30:01","2014-11-20 19:30:01","2014-11-20 19:35:00",\N,"COMPLETED","30211","0"
"252263992","987","2014-11-20 19:35:01",\N,"2014-11-20 19:35:00",\N,"STARTING","38914",\N
"252264346","987","2014-11-20 19:35:01","2014-11-20 19:35:02","2014-11-20 19:40:00",\N,"COMPLETED","38914","1"
"252269007","987","2014-11-20 19:40:01",\N,"2014-11-20 19:40:00",\N,"STARTING","319",\N
"252269176","987","2014-11-20 19:40:01","2014-11-20 19:40:02","2014-11-20 19:45:00",\N,"COMPLETED","319","1"
"252273667","987","2014-11-20 19:45:01",\N,"2014-11-20 19:45:00",\N,"STARTING","9601",\N
"252274283","987","2014-11-20 19:45:01","2014-11-20 19:45:02","2014-11-20 19:50:00",\N,"COMPLETED","9601","1"
"252278592","987","2014-11-20 19:50:01",\N,"2014-11-20 19:50:00",\N,"STARTING","19898",\N
"252278926","987","2014-11-20 19:50:01","2014-11-20 19:50:01","2014-11-20 19:55:00",\N,"COMPLETED","19898","0"
"252284106","987","2014-11-20 19:55:01",\N,"2014-11-20 19:55:00",\N,"STARTING","28637",\N
"252284456","987","2014-11-20 19:55:01","2014-11-20 19:55:02","2014-11-20 20:00:00",\N,"COMPLETED","28637","1"
"252289080","987","2014-11-20 20:00:01",\N,"2014-11-20 20:00:00",\N,"STARTING","38903",\N
"252289162","987","2014-11-20 20:00:01","2014-11-20 20:00:01","2014-11-20 20:05:00",\N,"COMPLETED","38903","0"
"252294242","987","2014-11-20 20:05:02",\N,"2014-11-20 20:05:00",\N,"STARTING","47669",\N
"252294371","987","2014-11-20 20:05:02","2014-11-20 20:05:03","2014-11-20 20:10:00",\N,"COMPLETED","47669","1"
"252298699","987","2014-11-20 20:10:01",\N,"2014-11-20 20:10:00",\N,"STARTING","9189",\N
"252298744","987","2014-11-20 20:10:01","2014-11-20 20:10:01","2014-11-20 20:15:00",\N,"COMPLETED","9189","0"
"252304091","987","2014-11-20 20:15:01",\N,"2014-11-20 20:15:00",\N,"STARTING","18385",\N
"252304504","987","2014-11-20 20:15:01","2014-11-20 20:15:02","2014-11-20 20:20:00",\N,"COMPLETED","18385","1"
"252309191","987","2014-11-20 20:20:01",\N,"2014-11-20 20:20:00",\N,"STARTING","28619",\N
"252309551","987","2014-11-20 20:20:01","2014-11-20 20:20:02","2014-11-20 20:25:00",\N,"COMPLETED","28619","1"
"252314564","987","2014-11-20 20:25:02",\N,"2014-11-20 20:25:00",\N,"STARTING","37380",\N
"252314733","987","2014-11-20 20:25:02","2014-11-20 20:25:03","2014-11-20 20:30:00",\N,"COMPLETED","37380","1"
"252319671","987","2014-11-20 20:30:02",\N,"2014-11-20 20:30:00",\N,"STARTING","47656",\N
"252319792","987","2014-11-20 20:30:02","2014-11-20 20:30:02","2014-11-20 20:35:00",\N,"COMPLETED","47656","0"
"252324411","987","2014-11-20 20:35:01",\N,"2014-11-20 20:35:00",\N,"STARTING","7631",\N
"252324965","987","2014-11-20 20:35:01","2014-11-20 20:35:02","2014-11-20 20:40:00",\N,"COMPLETED","7631","1"
"252329560","987","2014-11-20 20:40:01",\N,"2014-11-20 20:40:00",\N,"STARTING","17922",\N
"252329657","987","2014-11-20 20:40:01","2014-11-20 20:40:01","2014-11-20 20:45:00",\N,"COMPLETED","17922","0"
"252335126","987","2014-11-20 20:45:01",\N,"2014-11-20 20:45:00",\N,"STARTING","27097",\N
"252335381","987","2014-11-20 20:45:01","2014-11-20 20:45:02","2014-11-20 20:50:00",\N,"COMPLETED","27097","1"
"252340237","987","2014-11-20 20:50:01",\N,"2014-11-20 20:50:00",\N,"STARTING","37299",\N
"252340459","987","2014-11-20 20:50:01","2014-11-20 20:50:02","2014-11-20 20:55:00",\N,"COMPLETED","37299","1"
"252345098","987","2014-11-20 20:55:01",\N,"2014-11-20 20:55:00",\N,"STARTING","46064",\N
"252345782","987","2014-11-20 20:55:01","2014-11-20 20:55:02","2014-11-20 21:00:00",\N,"COMPLETED","46064","1"
"252350321","987","2014-11-20 21:00:01",\N,"2014-11-20 21:00:00",\N,"STARTING","7619",\N
"252350427","987","2014-11-20 21:00:01","2014-11-20 21:00:01","2014-11-20 21:05:00",\N,"COMPLETED","7619","0"
"252355899","987","2014-11-20 21:05:01",\N,"2014-11-20 21:05:00",\N,"STARTING","16433",\N
"252356254","987","2014-11-20 21:05:01","2014-11-20 21:05:02","2014-11-20 21:10:00",\N,"COMPLETED","16433","1"
"252361194","987","2014-11-20 21:10:01",\N,"2014-11-20 21:10:00",\N,"STARTING","26669",\N
"252361310","987","2014-11-20 21:10:01","2014-11-20 21:10:02","2014-11-20 21:15:00",\N,"COMPLETED","26669","1"
"252366331","987","2014-11-20 21:15:01",\N,"2014-11-20 21:15:00",\N,"STARTING","35882",\N
"252366590","987","2014-11-20 21:15:01","2014-11-20 21:15:02","2014-11-20 21:20:00",\N,"COMPLETED","35882","1"
"252370924","987","2014-11-20 21:20:01",\N,"2014-11-20 21:20:00",\N,"STARTING","46075",\N
"252371154","987","2014-11-20 21:20:01","2014-11-20 21:20:01","2014-11-20 21:25:00",\N,"COMPLETED","46075","0"
"252376558","987","2014-11-20 21:25:01",\N,"2014-11-20 21:25:00",\N,"STARTING","5655",\N
"252376920","987","2014-11-20 21:25:01","2014-11-20 21:25:03","2014-11-20 21:30:00",\N,"COMPLETED","5655","2"
"252381276","987","2014-11-20 21:30:01",\N,"2014-11-20 21:30:00",\N,"STARTING","16420",\N
"252381373","987","2014-11-20 21:30:01","2014-11-20 21:30:01","2014-11-20 21:35:00",\N,"COMPLETED","16420","0"
"252386872","987","2014-11-20 21:35:01",\N,"2014-11-20 21:35:00",\N,"STARTING","25188",\N
"252387103","987","2014-11-20 21:35:01","2014-11-20 21:35:03","2014-11-20 21:40:00",\N,"COMPLETED","25188","2"
"252391540","987","2014-11-20 21:40:01",\N,"2014-11-20 21:40:00",\N,"STARTING","35444",\N
"252391706","987","2014-11-20 21:40:01","2014-11-20 21:40:01","2014-11-20 21:45:00",\N,"COMPLETED","35444","0"
"252397302","987","2014-11-20 21:45:02",\N,"2014-11-20 21:45:00",\N,"STARTING","44603",\N
"252397424","987","2014-11-20 21:45:02","2014-11-20 21:45:03","2014-11-20 21:50:00",\N,"COMPLETED","44603","1"
"252402113","987","2014-11-20 21:50:01",\N,"2014-11-20 21:50:00",\N,"STARTING","6018",\N
"252402233","987","2014-11-20 21:50:01","2014-11-20 21:50:01","2014-11-20 21:55:00",\N,"COMPLETED","6018","0"
"252407216","987","2014-11-20 21:55:01",\N,"2014-11-20 21:55:00",\N,"STARTING","14877",\N
"252407856","987","2014-11-20 21:55:01","2014-11-20 21:55:02","2014-11-20 22:00:00",\N,"COMPLETED","14877","1"
"252412342","987","2014-11-20 22:00:01",\N,"2014-11-20 22:00:00",\N,"STARTING","25405",\N
"252412491","987","2014-11-20 22:00:01","2014-11-20 22:00:01","2014-11-20 22:05:00",\N,"COMPLETED","25405","0"
"252417908","987","2014-11-20 22:05:01",\N,"2014-11-20 22:05:00",\N,"STARTING","34189",\N
"252418260","987","2014-11-20 22:05:01","2014-11-20 22:05:02","2014-11-20 22:10:00",\N,"COMPLETED","34189","1"
"252423053","987","2014-11-20 22:10:01",\N,"2014-11-20 22:10:00",\N,"STARTING","44436",\N
"252423154","987","2014-11-20 22:10:01","2014-11-20 22:10:01","2014-11-20 22:15:00",\N,"COMPLETED","44436","0"
"252428459","987","2014-11-20 22:15:02",\N,"2014-11-20 22:15:00",\N,"STARTING","4771",\N
"252428588","987","2014-11-20 22:15:02","2014-11-20 22:15:03","2014-11-20 22:20:00",\N,"COMPLETED","4771","1"
"252433633","987","2014-11-20 22:20:02",\N,"2014-11-20 22:20:00",\N,"STARTING","15136",\N
"252433663","987","2014-11-20 22:20:02","2014-11-20 22:20:02","2014-11-20 22:25:00",\N,"COMPLETED","15136","0"
"252438377","987","2014-11-20 22:25:01",\N,"2014-11-20 22:25:00",\N,"STARTING","23890",\N
"252438778","987","2014-11-20 22:25:01","2014-11-20 22:25:02","2014-11-20 22:30:00",\N,"COMPLETED","23890","1"
"252443455","987","2014-11-20 22:30:01",\N,"2014-11-20 22:30:00",\N,"STARTING","34143",\N
"252443804","987","2014-11-20 22:30:01","2014-11-20 22:30:02","2014-11-20 22:35:00",\N,"COMPLETED","34143","1"
"252448779","987","2014-11-20 22:35:02",\N,"2014-11-20 22:35:00",\N,"STARTING","42882",\N
"252448980","987","2014-11-20 22:35:02","2014-11-20 22:35:03","2014-11-20 22:40:00",\N,"COMPLETED","42882","1"
"252453713","987","2014-11-20 22:40:02",\N,"2014-11-20 22:40:00",\N,"STARTING","4264",\N
"252453978","987","2014-11-20 22:40:02","2014-11-20 22:40:02","2014-11-20 22:45:00",\N,"COMPLETED","4264","0"
"252458577","987","2014-11-20 22:45:01",\N,"2014-11-20 22:45:00",\N,"STARTING","13574",\N
"252459196","987","2014-11-20 22:45:01","2014-11-20 22:45:02","2014-11-20 22:50:00",\N,"COMPLETED","13574","1"
"252463597","987","2014-11-20 22:50:01",\N,"2014-11-20 22:50:00",\N,"STARTING","23868",\N
"252464153","987","2014-11-20 22:50:01","2014-11-20 22:50:02","2014-11-20 22:55:00",\N,"COMPLETED","23868","1"
"252469259","987","2014-11-20 22:55:01",\N,"2014-11-20 22:55:00",\N,"STARTING","32604",\N
"252469628","987","2014-11-20 22:55:01","2014-11-20 22:55:02","2014-11-20 23:00:00",\N,"COMPLETED","32604","1"
"252474279","987","2014-11-20 23:00:01",\N,"2014-11-20 23:00:00",\N,"STARTING","42855",\N
"252474424","987","2014-11-20 23:00:01","2014-11-20 23:00:02","2014-11-20 23:05:00",\N,"COMPLETED","42855","1"
"252479682","987","2014-11-20 23:05:02",\N,"2014-11-20 23:05:00",\N,"STARTING","2056",\N
"252479795","987","2014-11-20 23:05:02","2014-11-20 23:05:02","2014-11-20 23:10:00",\N,"COMPLETED","2056","0"
"252484154","987","2014-11-20 23:10:01",\N,"2014-11-20 23:10:00",\N,"STARTING","11584",\N
"252484295","987","2014-11-20 23:10:01","2014-11-20 23:10:01","2014-11-20 23:15:00",\N,"COMPLETED","11584","0"
"252489353","987","2014-11-20 23:15:01",\N,"2014-11-20 23:15:00",\N,"STARTING","19595",\N
"252489967","987","2014-11-20 23:15:01","2014-11-20 23:15:02","2014-11-20 23:20:00",\N,"COMPLETED","19595","1"
"252494581","987","2014-11-20 23:20:01",\N,"2014-11-20 23:20:00",\N,"STARTING","29055",\N
"252494677","987","2014-11-20 23:20:01","2014-11-20 23:20:01","2014-11-20 23:25:00",\N,"COMPLETED","29055","0"
"252499987","987","2014-11-20 23:25:01",\N,"2014-11-20 23:25:00",\N,"STARTING","37566",\N
"252500258","987","2014-11-20 23:25:01","2014-11-20 23:25:02","2014-11-20 23:30:00",\N,"COMPLETED","37566","1"
"252504965","987","2014-11-20 23:30:01",\N,"2014-11-20 23:30:00",\N,"STARTING","47121",\N
"252505137","987","2014-11-20 23:30:01","2014-11-20 23:30:02","2014-11-20 23:35:00",\N,"COMPLETED","47121","1"
"252509746","987","2014-11-20 23:35:01",\N,"2014-11-20 23:35:00",\N,"STARTING","6349",\N
"252510266","987","2014-11-20 23:35:01","2014-11-20 23:35:02","2014-11-20 23:40:00",\N,"COMPLETED","6349","1"
"252514845","987","2014-11-20 23:40:01",\N,"2014-11-20 23:40:00",\N,"STARTING","15769",\N
"252515043","987","2014-11-20 23:40:01","2014-11-20 23:40:01","2014-11-20 23:45:00",\N,"COMPLETED","15769","0"
"252520086","987","2014-11-20 23:45:01",\N,"2014-11-20 23:45:00",\N,"STARTING","24554",\N
"252520620","987","2014-11-20 23:45:01","2014-11-20 23:45:02","2014-11-20 23:50:00",\N,"COMPLETED","24554","1"
"252525158","987","2014-11-20 23:50:01",\N,"2014-11-20 23:50:00",\N,"STARTING","34140",\N
"252525355","987","2014-11-20 23:50:01","2014-11-20 23:50:01","2014-11-20 23:55:00",\N,"COMPLETED","34140","0"
"252530818","987","2014-11-20 23:55:02",\N,"2014-11-20 23:55:00",\N,"STARTING","42356",\N
"252530975","987","2014-11-20 23:55:02","2014-11-20 23:55:03","2014-11-21 00:00:00",\N,"COMPLETED","42356","1"
"252535551","987","2014-11-21 00:00:01",\N,"2014-11-21 00:00:00",\N,"STARTING","3661",\N
"252535691","987","2014-11-21 00:00:01","2014-11-21 00:00:01","2014-11-21 00:05:00",\N,"COMPLETED","3661","0"
"252540881","987","2014-11-21 00:05:01",\N,"2014-11-21 00:05:00",\N,"STARTING","10941",\N
"252541194","987","2014-11-21 00:05:01","2014-11-21 00:05:02","2014-11-21 00:10:00",\N,"COMPLETED","10941","1"
"252545953","987","2014-11-21 00:10:02",\N,"2014-11-21 00:10:00",\N,"STARTING","17270",\N
"252546094","987","2014-11-21 00:10:02","2014-11-21 00:10:02","2014-11-21 00:15:00",\N,"COMPLETED","17270","0"
"252550623","987","2014-11-21 00:15:01",\N,"2014-11-21 00:15:00",\N,"STARTING","24997",\N
"252551327","987","2014-11-21 00:15:01","2014-11-21 00:15:02","2014-11-21 00:20:00",\N,"COMPLETED","24997","1"
"252555572","987","2014-11-21 00:20:01",\N,"2014-11-21 00:20:00",\N,"STARTING","31112",\N
"252555922","987","2014-11-21 00:20:01","2014-11-21 00:20:01","2014-11-21 00:25:00",\N,"COMPLETED","31112","0"
"252560896","987","2014-11-21 00:25:01",\N,"2014-11-21 00:25:00",\N,"STARTING","38447",\N
"252561424","987","2014-11-21 00:25:01","2014-11-21 00:25:02","2014-11-21 00:30:00",\N,"COMPLETED","38447","1"
"252566012","987","2014-11-21 00:30:01",\N,"2014-11-21 00:30:00",\N,"STARTING","44714",\N
"252566227","987","2014-11-21 00:30:01","2014-11-21 00:30:02","2014-11-21 00:35:00",\N,"COMPLETED","44714","1"
"252571327","987","2014-11-21 00:35:02",\N,"2014-11-21 00:35:00",\N,"STARTING","3247",\N
"252571510","987","2014-11-21 00:35:02","2014-11-21 00:35:02","2014-11-21 00:40:00",\N,"COMPLETED","3247","0"
"252576423","987","2014-11-21 00:40:02",\N,"2014-11-21 00:40:00",\N,"STARTING","10057",\N
"252576558","987","2014-11-21 00:40:02","2014-11-21 00:40:02","2014-11-21 00:45:00",\N,"COMPLETED","10057","0"
"252580926","987","2014-11-21 00:45:01",\N,"2014-11-21 00:45:00",\N,"STARTING","17583",\N
"252581652","987","2014-11-21 00:45:01","2014-11-21 00:45:02","2014-11-21 00:50:00",\N,"COMPLETED","17583","1"
"252586119","987","2014-11-21 00:50:01",\N,"2014-11-21 00:50:00",\N,"STARTING","24926",\N
"252586467","987","2014-11-21 00:50:01","2014-11-21 00:50:01","2014-11-21 00:55:00",\N,"COMPLETED","24926","0"
"252591542","987","2014-11-21 00:55:01",\N,"2014-11-21 00:55:00",\N,"STARTING","32190",\N
"252591961","987","2014-11-21 00:55:01","2014-11-21 00:55:02","2014-11-21 01:00:00",\N,"COMPLETED","32190","1"
"252596562","987","2014-11-21 01:00:01",\N,"2014-11-21 01:00:00",\N,"STARTING","39539",\N
"252596764","987","2014-11-21 01:00:01","2014-11-21 01:00:01","2014-11-21 01:05:00",\N,"COMPLETED","39539","0"
"252602028","987","2014-11-21 01:05:02",\N,"2014-11-21 01:05:00",\N,"STARTING","46348",\N
"252602213","987","2014-11-21 01:05:02","2014-11-21 01:05:03","2014-11-21 01:10:00",\N,"COMPLETED","46348","1"
"252607147","987","2014-11-21 01:10:02",\N,"2014-11-21 01:10:00",\N,"STARTING","3137",\N
"252607236","987","2014-11-21 01:10:02","2014-11-21 01:10:02","2014-11-21 01:15:00",\N,"COMPLETED","3137","0"
"252611656","987","2014-11-21 01:15:01",\N,"2014-11-21 01:15:00",\N,"STARTING","11464",\N
"252612307","987","2014-11-21 01:15:01","2014-11-21 01:15:02","2014-11-21 01:20:00",\N,"COMPLETED","11464","1"
"252616634","987","2014-11-21 01:20:01",\N,"2014-11-21 01:20:00",\N,"STARTING","17497",\N
"252617017","987","2014-11-21 01:20:01","2014-11-21 01:20:01","2014-11-21 01:25:00",\N,"COMPLETED","17497","0"
"252622109","987","2014-11-21 01:25:01",\N,"2014-11-21 01:25:00",\N,"STARTING","25055",\N
"252622459","987","2014-11-21 01:25:01","2014-11-21 01:25:02","2014-11-21 01:30:00",\N,"COMPLETED","25055","1"
"252627244","987","2014-11-21 01:30:01",\N,"2014-11-21 01:30:00",\N,"STARTING","31754",\N
"252627379","987","2014-11-21 01:30:01","2014-11-21 01:30:02","2014-11-21 01:35:00",\N,"COMPLETED","31754","1"
"252632463","987","2014-11-21 01:35:02",\N,"2014-11-21 01:35:00",\N,"STARTING","38800",\N
"252632631","987","2014-11-21 01:35:02","2014-11-21 01:35:03","2014-11-21 01:40:00",\N,"COMPLETED","38800","1"
"252637562","987","2014-11-21 01:40:02",\N,"2014-11-21 01:40:00",\N,"STARTING","45395",\N
"252637651","987","2014-11-21 01:40:02","2014-11-21 01:40:02","2014-11-21 01:45:00",\N,"COMPLETED","45395","0"
"252642199","987","2014-11-21 01:45:01",\N,"2014-11-21 01:45:00",\N,"STARTING","4138",\N
"252642801","987","2014-11-21 01:45:01","2014-11-21 01:45:02","2014-11-21 01:50:00",\N,"COMPLETED","4138","1"
"252647210","987","2014-11-21 01:50:01",\N,"2014-11-21 01:50:00",\N,"STARTING","10937",\N
"252647567","987","2014-11-21 01:50:01","2014-11-21 01:50:01","2014-11-21 01:55:00",\N,"COMPLETED","10937","0"
"252652783","987","2014-11-21 01:55:01",\N,"2014-11-21 01:55:00",\N,"STARTING","18166",\N
"252653110","987","2014-11-21 01:55:01","2014-11-21 01:55:02","2014-11-21 02:00:00",\N,"COMPLETED","18166","1"
"252657738","987","2014-11-21 02:00:01",\N,"2014-11-21 02:00:00",\N,"STARTING","24770",\N
"252657964","987","2014-11-21 02:00:01","2014-11-21 02:00:02","2014-11-21 02:05:00",\N,"COMPLETED","24770","1"
"252663173","987","2014-11-21 02:05:02",\N,"2014-11-21 02:05:00",\N,"STARTING","32260",\N
"252663332","987","2014-11-21 02:05:02","2014-11-21 02:05:03","2014-11-21 02:10:00",\N,"COMPLETED","32260","1"
"252668301","987","2014-11-21 02:10:02",\N,"2014-11-21 02:10:00",\N,"STARTING","38781",\N
"252668367","987","2014-11-21 02:10:02","2014-11-21 02:10:02","2014-11-21 02:15:00",\N,"COMPLETED","38781","0"
"252672776","987","2014-11-21 02:15:01",\N,"2014-11-21 02:15:00",\N,"STARTING","46383",\N
"252673430","987","2014-11-21 02:15:01","2014-11-21 02:15:02","2014-11-21 02:20:00",\N,"COMPLETED","46383","1"
"252677740","987","2014-11-21 02:20:01",\N,"2014-11-21 02:20:00",\N,"STARTING","4049",\N
"252677939","987","2014-11-21 02:20:01","2014-11-21 02:20:01","2014-11-21 02:25:00",\N,"COMPLETED","4049","0"
"252683267","987","2014-11-21 02:25:01",\N,"2014-11-21 02:25:00",\N,"STARTING","11699",\N
"252683479","987","2014-11-21 02:25:01","2014-11-21 02:25:02","2014-11-21 02:30:00",\N,"COMPLETED","11699","1"
"252688004","987","2014-11-21 02:30:01",\N,"2014-11-21 02:30:00",\N,"STARTING","19113",\N
"252688059","987","2014-11-21 02:30:01","2014-11-21 02:30:01","2014-11-21 02:35:00",\N,"COMPLETED","19113","0"
"252692700","987","2014-11-21 02:35:01",\N,"2014-11-21 02:35:00",\N,"STARTING","25917",\N
"252693423","987","2014-11-21 02:35:01","2014-11-21 02:35:02","2014-11-21 02:40:00",\N,"COMPLETED","25917","1"
"252697735","987","2014-11-21 02:40:01",\N,"2014-11-21 02:40:00",\N,"STARTING","32559",\N
"252697868","987","2014-11-21 02:40:01","2014-11-21 02:40:01","2014-11-21 02:45:00",\N,"COMPLETED","32559","0"
"252702880","987","2014-11-21 02:45:01",\N,"2014-11-21 02:45:00",\N,"STARTING","40241",\N
"252703556","987","2014-11-21 02:45:01","2014-11-21 02:45:02","2014-11-21 02:50:00",\N,"COMPLETED","40241","1"
"252708078","987","2014-11-21 02:50:01",\N,"2014-11-21 02:50:00",\N,"STARTING","46599",\N
"252708339","987","2014-11-21 02:50:01","2014-11-21 02:50:01","2014-11-21 02:55:00",\N,"COMPLETED","46599","0"
"252713411","987","2014-11-21 02:55:01",\N,"2014-11-21 02:55:00",\N,"STARTING","5080",\N
"252713843","987","2014-11-21 02:55:01","2014-11-21 02:55:02","2014-11-21 03:00:00",\N,"COMPLETED","5080","1"
"252718631","987","2014-11-21 03:00:01",\N,"2014-11-21 03:00:00",\N,"STARTING","12055",\N
"252718720","987","2014-11-21 03:00:01","2014-11-21 03:00:02","2014-11-21 03:05:00",\N,"COMPLETED","12055","1"
"252723220","987","2014-11-21 03:05:01",\N,"2014-11-21 03:05:00",\N,"STARTING","19124",\N
"252723728","987","2014-11-21 03:05:01","2014-11-21 03:05:02","2014-11-21 03:10:00",\N,"COMPLETED","19124","1"
"252728248","987","2014-11-21 03:10:01",\N,"2014-11-21 03:10:00",\N,"STARTING","26077",\N
"252728358","987","2014-11-21 03:10:01","2014-11-21 03:10:01","2014-11-21 03:15:00",\N,"COMPLETED","26077","0"
"252733528","987","2014-11-21 03:15:01",\N,"2014-11-21 03:15:00",\N,"STARTING","33276",\N
"252734095","987","2014-11-21 03:15:01","2014-11-21 03:15:02","2014-11-21 03:20:00",\N,"COMPLETED","33276","1"
"252738533","987","2014-11-21 03:20:01",\N,"2014-11-21 03:20:00",\N,"STARTING","40226",\N
"252738712","987","2014-11-21 03:20:01","2014-11-21 03:20:01","2014-11-21 03:25:00",\N,"COMPLETED","40226","0"
"252743899","987","2014-11-21 03:25:01",\N,"2014-11-21 03:25:00",\N,"STARTING","47795",\N
"252744181","987","2014-11-21 03:25:01","2014-11-21 03:25:02","2014-11-21 03:30:00",\N,"COMPLETED","47795","1"
"252749044","987","2014-11-21 03:30:02",\N,"2014-11-21 03:30:00",\N,"STARTING","6071",\N
"252749106","987","2014-11-21 03:30:02","2014-11-21 03:30:02","2014-11-21 03:35:00",\N,"COMPLETED","6071","0"
"252753533","987","2014-11-21 03:35:01",\N,"2014-11-21 03:35:00",\N,"STARTING","13046",\N
"252754211","987","2014-11-21 03:35:01","2014-11-21 03:35:02","2014-11-21 03:40:00",\N,"COMPLETED","13046","1"
"252758554","987","2014-11-21 03:40:01",\N,"2014-11-21 03:40:00",\N,"STARTING","19198",\N
"252758605","987","2014-11-21 03:40:01","2014-11-21 03:40:01","2014-11-21 03:45:00",\N,"COMPLETED","19198","0"
"252763861","987","2014-11-21 03:45:01",\N,"2014-11-21 03:45:00",\N,"STARTING","26998",\N
"252764444","987","2014-11-21 03:45:01","2014-11-21 03:45:02","2014-11-21 03:50:00",\N,"COMPLETED","26998","1"
"252768902","987","2014-11-21 03:50:01",\N,"2014-11-21 03:50:00",\N,"STARTING","33293",\N
"252769274","987","2014-11-21 03:50:01","2014-11-21 03:50:01","2014-11-21 03:55:00",\N,"COMPLETED","33293","0"
"252774424","987","2014-11-21 03:55:01",\N,"2014-11-21 03:55:00",\N,"STARTING","40645",\N
"252774737","987","2014-11-21 03:55:01","2014-11-21 03:55:02","2014-11-21 04:00:00",\N,"COMPLETED","40645","1"
"252779452","987","2014-11-21 04:00:01",\N,"2014-11-21 04:00:00",\N,"STARTING","48053",\N
"252779555","987","2014-11-21 04:00:01","2014-11-21 04:00:02","2014-11-21 04:05:00",\N,"COMPLETED","48053","1"
"252784023","987","2014-11-21 04:05:01",\N,"2014-11-21 04:05:00",\N,"STARTING","6101",\N
"252784558","987","2014-11-21 04:05:01","2014-11-21 04:05:02","2014-11-21 04:10:00",\N,"COMPLETED","6101","1"
"252788990","987","2014-11-21 04:10:01",\N,"2014-11-21 04:10:00",\N,"STARTING","12870",\N
"252789101","987","2014-11-21 04:10:01","2014-11-21 04:10:01","2014-11-21 04:15:00",\N,"COMPLETED","12870","0"
"252794172","987","2014-11-21 04:15:01",\N,"2014-11-21 04:15:00",\N,"STARTING","20451",\N
"252794696","987","2014-11-21 04:15:01","2014-11-21 04:15:02","2014-11-21 04:20:00",\N,"COMPLETED","20451","1"
"252799094","987","2014-11-21 04:20:01",\N,"2014-11-21 04:20:00",\N,"STARTING","26684",\N
"252799401","987","2014-11-21 04:20:01","2014-11-21 04:20:02","2014-11-21 04:25:00",\N,"COMPLETED","26684","1"
"252804349","987","2014-11-21 04:25:01",\N,"2014-11-21 04:25:00",\N,"STARTING","33953",\N
"252804724","987","2014-11-21 04:25:01","2014-11-21 04:25:02","2014-11-21 04:30:00",\N,"COMPLETED","33953","1"
"252809356","987","2014-11-21 04:30:01",\N,"2014-11-21 04:30:00",\N,"STARTING","40114",\N
"252809459","987","2014-11-21 04:30:01","2014-11-21 04:30:02","2014-11-21 04:35:00",\N,"COMPLETED","40114","1"
"252813866","987","2014-11-21 04:35:01",\N,"2014-11-21 04:35:00",\N,"STARTING","47531",\N
"252814409","987","2014-11-21 04:35:01","2014-11-21 04:35:02","2014-11-21 04:40:00",\N,"COMPLETED","47531","1"
"252818784","987","2014-11-21 04:40:01",\N,"2014-11-21 04:40:00",\N,"STARTING","5226",\N
"252818945","987","2014-11-21 04:40:01","2014-11-21 04:40:01","2014-11-21 04:45:00",\N,"COMPLETED","5226","0"
"252823946","987","2014-11-21 04:45:01",\N,"2014-11-21 04:45:00",\N,"STARTING","12911",\N
"252824587","987","2014-11-21 04:45:01","2014-11-21 04:45:02","2014-11-21 04:50:00",\N,"COMPLETED","12911","1"
"252829080","987","2014-11-21 04:50:01",\N,"2014-11-21 04:50:00",\N,"STARTING","19327",\N
"252829454","987","2014-11-21 04:50:01","2014-11-21 04:50:02","2014-11-21 04:55:00",\N,"COMPLETED","19327","1"
"252834369","987","2014-11-21 04:55:01",\N,"2014-11-21 04:55:00",\N,"STARTING","26533",\N
"252834788","987","2014-11-21 04:55:01","2014-11-21 04:55:02","2014-11-21 05:00:00",\N,"COMPLETED","26533","1"
"252839462","987","2014-11-21 05:00:01",\N,"2014-11-21 05:00:00",\N,"STARTING","33446",\N
"252839592","987","2014-11-21 05:00:01","2014-11-21 05:00:02","2014-11-21 05:05:00",\N,"COMPLETED","33446","1"
"252844048","987","2014-11-21 05:05:01",\N,"2014-11-21 05:05:00",\N,"STARTING","40564",\N
"252844610","987","2014-11-21 05:05:01","2014-11-21 05:05:02","2014-11-21 05:10:00",\N,"COMPLETED","40564","1"
"252848909","987","2014-11-21 05:10:01",\N,"2014-11-21 05:10:00",\N,"STARTING","46791",\N
"252848983","987","2014-11-21 05:10:01","2014-11-21 05:10:01","2014-11-21 05:15:00",\N,"COMPLETED","46791","0"
"252854194","987","2014-11-21 05:15:01",\N,"2014-11-21 05:15:00",\N,"STARTING","5612",\N
"252854713","987","2014-11-21 05:15:01","2014-11-21 05:15:02","2014-11-21 05:20:00",\N,"COMPLETED","5612","1"
"252859140","987","2014-11-21 05:20:01",\N,"2014-11-21 05:20:00",\N,"STARTING","11883",\N
"252859483","987","2014-11-21 05:20:01","2014-11-21 05:20:01","2014-11-21 05:25:00",\N,"COMPLETED","11883","0"
"252864435","987","2014-11-21 05:25:01",\N,"2014-11-21 05:25:00",\N,"STARTING","19263",\N
"252864766","987","2014-11-21 05:25:01","2014-11-21 05:25:02","2014-11-21 05:30:00",\N,"COMPLETED","19263","1"
"252869507","987","2014-11-21 05:30:02",\N,"2014-11-21 05:30:00",\N,"STARTING","25702",\N
"252869656","987","2014-11-21 05:30:02","2014-11-21 05:30:02","2014-11-21 05:35:00",\N,"COMPLETED","25702","0"
"252874025","987","2014-11-21 05:35:01",\N,"2014-11-21 05:35:00",\N,"STARTING","32958",\N
"252874718","987","2014-11-21 05:35:01","2014-11-21 05:35:02","2014-11-21 05:40:00",\N,"COMPLETED","32958","1"
"252879099","987","2014-11-21 05:40:01",\N,"2014-11-21 05:40:00",\N,"STARTING","39382",\N
"252879264","987","2014-11-21 05:40:01","2014-11-21 05:40:01","2014-11-21 05:45:00",\N,"COMPLETED","39382","0"
"252884452","987","2014-11-21 05:45:01",\N,"2014-11-21 05:45:00",\N,"STARTING","46902",\N
"252884885","987","2014-11-21 05:45:01","2014-11-21 05:45:02","2014-11-21 05:50:00",\N,"COMPLETED","46902","1"
"252889627","987","2014-11-21 05:50:01",\N,"2014-11-21 05:50:00",\N,"STARTING","4190",\N
"252889906","987","2014-11-21 05:50:01","2014-11-21 05:50:02","2014-11-21 05:55:00",\N,"COMPLETED","4190","1"
"252895020","987","2014-11-21 05:55:02",\N,"2014-11-21 05:55:00",\N,"STARTING","11702",\N
"252895181","987","2014-11-21 05:55:02","2014-11-21 05:55:03","2014-11-21 06:00:00",\N,"COMPLETED","11702","1"
"252900105","987","2014-11-21 06:00:02",\N,"2014-11-21 06:00:00",\N,"STARTING","17993",\N
"252900174","987","2014-11-21 06:00:02","2014-11-21 06:00:02","2014-11-21 06:05:00",\N,"COMPLETED","17993","0"
"252904679","987","2014-11-21 06:05:01",\N,"2014-11-21 06:05:00",\N,"STARTING","25192",\N
"252905231","987","2014-11-21 06:05:01","2014-11-21 06:05:02","2014-11-21 06:10:00",\N,"COMPLETED","25192","1"
"252909744","987","2014-11-21 06:10:01",\N,"2014-11-21 06:10:00",\N,"STARTING","31475",\N
"252909892","987","2014-11-21 06:10:01","2014-11-21 06:10:01","2014-11-21 06:15:00",\N,"COMPLETED","31475","0"
"252915131","987","2014-11-21 06:15:01",\N,"2014-11-21 06:15:00",\N,"STARTING","39156",\N
"252915403","987","2014-11-21 06:15:01","2014-11-21 06:15:02","2014-11-21 06:20:00",\N,"COMPLETED","39156","1"
"252920245","987","2014-11-21 06:20:02",\N,"2014-11-21 06:20:00",\N,"STARTING","45612",\N
"252920485","987","2014-11-21 06:20:02","2014-11-21 06:20:02","2014-11-21 06:25:00",\N,"COMPLETED","45612","0"
"252924964","987","2014-11-21 06:25:01",\N,"2014-11-21 06:25:00",\N,"STARTING","4068",\N
"252925415","987","2014-11-21 06:25:01","2014-11-21 06:25:02","2014-11-21 06:30:00",\N,"COMPLETED","4068","1"
"252930028","987","2014-11-21 06:30:01",\N,"2014-11-21 06:30:00",\N,"STARTING","10633",\N
"252930313","987","2014-11-21 06:30:01","2014-11-21 06:30:01","2014-11-21 06:35:00",\N,"COMPLETED","10633","0"
"252935318","987","2014-11-21 06:35:01",\N,"2014-11-21 06:35:00",\N,"STARTING","17860",\N
"252935819","987","2014-11-21 06:35:01","2014-11-21 06:35:02","2014-11-21 06:40:00",\N,"COMPLETED","17860","1"
"252940426","987","2014-11-21 06:40:01",\N,"2014-11-21 06:40:00",\N,"STARTING","24805",\N
"252940532","987","2014-11-21 06:40:01","2014-11-21 06:40:01","2014-11-21 06:45:00",\N,"COMPLETED","24805","0"
"252945827","987","2014-11-21 06:45:02",\N,"2014-11-21 06:45:00",\N,"STARTING","32370",\N
"252946033","987","2014-11-21 06:45:02","2014-11-21 06:45:03","2014-11-21 06:50:00",\N,"COMPLETED","32370","1"
"252950894","987","2014-11-21 06:50:02",\N,"2014-11-21 06:50:00",\N,"STARTING","39111",\N
"252951028","987","2014-11-21 06:50:02","2014-11-21 06:50:02","2014-11-21 06:55:00",\N,"COMPLETED","39111","0"
"252955667","987","2014-11-21 06:55:01",\N,"2014-11-21 06:55:00",\N,"STARTING","46042",\N
"252956374","987","2014-11-21 06:55:01","2014-11-21 06:55:02","2014-11-21 07:00:00",\N,"COMPLETED","46042","1"
"252960819","987","2014-11-21 07:00:01",\N,"2014-11-21 07:00:00",\N,"STARTING","3831",\N
"252960926","987","2014-11-21 07:00:01","2014-11-21 07:00:01","2014-11-21 07:05:00",\N,"COMPLETED","3831","0"
"252966135","987","2014-11-21 07:05:01",\N,"2014-11-21 07:05:00",\N,"STARTING","11299",\N
"252966537","987","2014-11-21 07:05:01","2014-11-21 07:05:02","2014-11-21 07:10:00",\N,"COMPLETED","11299","1"
"252971357","987","2014-11-21 07:10:01",\N,"2014-11-21 07:10:00",\N,"STARTING","17474",\N
"252971529","987","2014-11-21 07:10:01","2014-11-21 07:10:02","2014-11-21 07:15:00",\N,"COMPLETED","17474","1"
"252975942","987","2014-11-21 07:15:01",\N,"2014-11-21 07:15:00",\N,"STARTING","25295",\N
"252976594","987","2014-11-21 07:15:01","2014-11-21 07:15:02","2014-11-21 07:20:00",\N,"COMPLETED","25295","1"
"252981002","987","2014-11-21 07:20:01",\N,"2014-11-21 07:20:00",\N,"STARTING","31860",\N
"252981277","987","2014-11-21 07:20:01","2014-11-21 07:20:01","2014-11-21 07:25:00",\N,"COMPLETED","31860","0"
"252986380","987","2014-11-21 07:25:01",\N,"2014-11-21 07:25:00",\N,"STARTING","38981",\N
"252986826","987","2014-11-21 07:25:01","2014-11-21 07:25:02","2014-11-21 07:30:00",\N,"COMPLETED","38981","1"
"252991270","987","2014-11-21 07:30:01",\N,"2014-11-21 07:30:00",\N,"STARTING","45256",\N
"252991401","987","2014-11-21 07:30:01","2014-11-21 07:30:01","2014-11-21 07:35:00",\N,"COMPLETED","45256","0"
"252996077","987","2014-11-21 07:35:01",\N,"2014-11-21 07:35:00",\N,"STARTING","3754",\N
"252996745","987","2014-11-21 07:35:01","2014-11-21 07:35:02","2014-11-21 07:40:00",\N,"COMPLETED","3754","1"
"253001088","987","2014-11-21 07:40:01",\N,"2014-11-21 07:40:00",\N,"STARTING","9907",\N
"253001328","987","2014-11-21 07:40:01","2014-11-21 07:40:01","2014-11-21 07:45:00",\N,"COMPLETED","9907","0"
"253006390","987","2014-11-21 07:45:01",\N,"2014-11-21 07:45:00",\N,"STARTING","17844",\N
"253006904","987","2014-11-21 07:45:01","2014-11-21 07:45:02","2014-11-21 07:50:00",\N,"COMPLETED","17844","1"
"253011507","987","2014-11-21 07:50:01",\N,"2014-11-21 07:50:00",\N,"STARTING","23926",\N
"253011682","987","2014-11-21 07:50:01","2014-11-21 07:50:02","2014-11-21 07:55:00",\N,"COMPLETED","23926","1"
"253016938","987","2014-11-21 07:55:02",\N,"2014-11-21 07:55:00",\N,"STARTING","31482",\N
"253017160","987","2014-11-21 07:55:02","2014-11-21 07:55:03","2014-11-21 08:00:00",\N,"COMPLETED","31482","1"
"253021491","987","2014-11-21 08:00:01",\N,"2014-11-21 08:00:00",\N,"STARTING","39945",\N
"253021614","987","2014-11-21 08:00:01","2014-11-21 08:00:01","2014-11-21 08:05:00",\N,"COMPLETED","39945","0"
"253026840","987","2014-11-21 08:05:01",\N,"2014-11-21 08:05:00",\N,"STARTING","46716",\N
"253027299","987","2014-11-21 08:05:01","2014-11-21 08:05:02","2014-11-21 08:10:00",\N,"COMPLETED","46716","1"
"253031833","987","2014-11-21 08:10:01",\N,"2014-11-21 08:10:00",\N,"STARTING","5708",\N
"253031984","987","2014-11-21 08:10:01","2014-11-21 08:10:01","2014-11-21 08:15:00",\N,"COMPLETED","5708","0"
"253036948","987","2014-11-21 08:15:02",\N,"2014-11-21 08:15:00",\N,"STARTING","13301",\N
"253037310","987","2014-11-21 08:15:02","2014-11-21 08:15:03","2014-11-21 08:20:00",\N,"COMPLETED","13301","1"
"253042133","987","2014-11-21 08:20:02",\N,"2014-11-21 08:20:00",\N,"STARTING","21167",\N
"253042289","987","2014-11-21 08:20:02","2014-11-21 08:20:02","2014-11-21 08:25:00",\N,"COMPLETED","21167","0"
"253046746","987","2014-11-21 08:25:01",\N,"2014-11-21 08:25:00",\N,"STARTING","28080",\N
"253047330","987","2014-11-21 08:25:01","2014-11-21 08:25:02","2014-11-21 08:30:00",\N,"COMPLETED","28080","1"
"253052057","987","2014-11-21 08:30:01",\N,"2014-11-21 08:30:00",\N,"STARTING","35899",\N
"253052217","987","2014-11-21 08:30:01","2014-11-21 08:30:01","2014-11-21 08:35:00",\N,"COMPLETED","35899","0"
"253057466","987","2014-11-21 08:35:01",\N,"2014-11-21 08:35:00",\N,"STARTING","42943",\N
"253057857","987","2014-11-21 08:35:01","2014-11-21 08:35:02","2014-11-21 08:40:00",\N,"COMPLETED","42943","1"
"253062651","987","2014-11-21 08:40:01",\N,"2014-11-21 08:40:00",\N,"STARTING","2176",\N
"253062826","987","2014-11-21 08:40:01","2014-11-21 08:40:02","2014-11-21 08:45:00",\N,"COMPLETED","2176","1"
"253067341","987","2014-11-21 08:45:01",\N,"2014-11-21 08:45:00",\N,"STARTING","9122",\N
"253068011","987","2014-11-21 08:45:01","2014-11-21 08:45:02","2014-11-21 08:50:00",\N,"COMPLETED","9122","1"
"253072331","987","2014-11-21 08:50:01",\N,"2014-11-21 08:50:00",\N,"STARTING","17100",\N
"253072752","987","2014-11-21 08:50:01","2014-11-21 08:50:01","2014-11-21 08:55:00",\N,"COMPLETED","17100","0"
"253078067","987","2014-11-21 08:55:01",\N,"2014-11-21 08:55:00",\N,"STARTING","24086",\N
"253078265","987","2014-11-21 08:55:01","2014-11-21 08:55:02","2014-11-21 09:00:00",\N,"COMPLETED","24086","1"
"253082903","987","2014-11-21 09:00:02",\N,"2014-11-21 09:00:00",\N,"STARTING","32596",\N
"253083087","987","2014-11-21 09:00:02","2014-11-21 09:00:02","2014-11-21 09:05:00",\N,"COMPLETED","32596","0"
"253087606","987","2014-11-21 09:05:01",\N,"2014-11-21 09:05:00",\N,"STARTING","39826",\N
"253088239","987","2014-11-21 09:05:01","2014-11-21 09:05:02","2014-11-21 09:10:00",\N,"COMPLETED","39826","1"
"253092679","987","2014-11-21 09:10:01",\N,"2014-11-21 09:10:00",\N,"STARTING","48147",\N
"253092917","987","2014-11-21 09:10:01","2014-11-21 09:10:01","2014-11-21 09:15:00",\N,"COMPLETED","48147","0"
"253098149","987","2014-11-21 09:15:01",\N,"2014-11-21 09:15:00",\N,"STARTING","7372",\N
"253098366","987","2014-11-21 09:15:01","2014-11-21 09:15:02","2014-11-21 09:20:00",\N,"COMPLETED","7372","1"
"253103154","987","2014-11-21 09:20:01",\N,"2014-11-21 09:20:00",\N,"STARTING","15730",\N
"253103377","987","2014-11-21 09:20:01","2014-11-21 09:20:02","2014-11-21 09:25:00",\N,"COMPLETED","15730","1"
"253107768","987","2014-11-21 09:25:01",\N,"2014-11-21 09:25:00",\N,"STARTING","23115",\N
"253107870","987","2014-11-21 09:25:01","2014-11-21 09:25:01","2014-11-21 09:30:00",\N,"COMPLETED","23115","0"
"253112895","987","2014-11-21 09:30:01",\N,"2014-11-21 09:30:00",\N,"STARTING","32110",\N
"253112947","987","2014-11-21 09:30:01","2014-11-21 09:30:01","2014-11-21 09:35:00",\N,"COMPLETED","32110","0"
"253118366","987","2014-11-21 09:35:01",\N,"2014-11-21 09:35:00",\N,"STARTING","39412",\N
"253118519","987","2014-11-21 09:35:01","2014-11-21 09:35:01","2014-11-21 09:40:00",\N,"COMPLETED","39412","0"
"253123497","987","2014-11-21 09:40:01",\N,"2014-11-21 09:40:00",\N,"STARTING","47644",\N
"253123655","987","2014-11-21 09:40:01","2014-11-21 09:40:01","2014-11-21 09:45:00",\N,"COMPLETED","47644","0"
"253128827","987","2014-11-21 09:45:02",\N,"2014-11-21 09:45:00",\N,"STARTING","6759",\N
"253129016","987","2014-11-21 09:45:02","2014-11-21 09:45:03","2014-11-21 09:50:00",\N,"COMPLETED","6759","1"
"253133335","987","2014-11-21 09:50:01",\N,"2014-11-21 09:50:00",\N,"STARTING","15170",\N
"253133443","987","2014-11-21 09:50:01","2014-11-21 09:50:01","2014-11-21 09:55:00",\N,"COMPLETED","15170","0"
"253138939","987","2014-11-21 09:55:01",\N,"2014-11-21 09:55:00",\N,"STARTING","22440",\N
"253139071","987","2014-11-21 09:55:01","2014-11-21 09:55:01","2014-11-21 10:00:00",\N,"COMPLETED","22440","0"
"253144019","987","2014-11-21 10:00:01",\N,"2014-11-21 10:00:00",\N,"STARTING","30778",\N
"253144635","987","2014-11-21 10:00:01","2014-11-21 10:00:39","2014-11-21 10:05:00",\N,"COMPLETED","30778","38"
"253144633","987","2014-11-21 10:00:39",\N,\N,\N,"PROCESSED_EMAIL","30778","3220"
"253149311","987","2014-11-21 10:05:02",\N,"2014-11-21 10:05:00",\N,"STARTING","37858",\N
"253149553","987","2014-11-21 10:05:02","2014-11-21 10:05:02","2014-11-21 10:10:00",\N,"COMPLETED","37858","0"
"253154488","987","2014-11-21 10:10:02",\N,"2014-11-21 10:10:00",\N,"STARTING","46185",\N
"253154628","987","2014-11-21 10:10:02","2014-11-21 10:10:02","2014-11-21 10:15:00",\N,"COMPLETED","46185","0"
"253159095","987","2014-11-21 10:15:01",\N,"2014-11-21 10:15:00",\N,"STARTING","4995",\N
"253159357","987","2014-11-21 10:15:01","2014-11-21 10:15:01","2014-11-21 10:20:00",\N,"COMPLETED","4995","0"
"253164249","987","2014-11-21 10:20:01",\N,"2014-11-21 10:20:00",\N,"STARTING","13329",\N
"253164363","987","2014-11-21 10:20:01","2014-11-21 10:20:01","2014-11-21 10:25:00",\N,"COMPLETED","13329","0"
"253169581","987","2014-11-21 10:25:01",\N,"2014-11-21 10:25:00",\N,"STARTING","20752",\N
"253169736","987","2014-11-21 10:25:01","2014-11-21 10:25:02","2014-11-21 10:30:00",\N,"COMPLETED","20752","1"
"253174461","987","2014-11-21 10:30:01",\N,"2014-11-21 10:30:00",\N,"STARTING","29173",\N
"253174683","987","2014-11-21 10:30:01","2014-11-21 10:30:02","2014-11-21 10:35:00",\N,"COMPLETED","29173","1"
"253179199","987","2014-11-21 10:35:01",\N,"2014-11-21 10:35:00",\N,"STARTING","36391",\N
"253179324","987","2014-11-21 10:35:01","2014-11-21 10:35:01","2014-11-21 10:40:00",\N,"COMPLETED","36391","0"
"253184336","987","2014-11-21 10:40:01",\N,"2014-11-21 10:40:00",\N,"STARTING","44779",\N
"253184409","987","2014-11-21 10:40:01","2014-11-21 10:40:01","2014-11-21 10:45:00",\N,"COMPLETED","44779","0"
"253189628","987","2014-11-21 10:45:01",\N,"2014-11-21 10:45:00",\N,"STARTING","3587",\N
"253189911","987","2014-11-21 10:45:01","2014-11-21 10:45:02","2014-11-21 10:50:00",\N,"COMPLETED","3587","1"
"253194760","987","2014-11-21 10:50:01",\N,"2014-11-21 10:50:00",\N,"STARTING","12117",\N
"253194882","987","2014-11-21 10:50:01","2014-11-21 10:50:01","2014-11-21 10:55:00",\N,"COMPLETED","12117","0"
"253200188","987","2014-11-21 10:55:01",\N,"2014-11-21 10:55:00",\N,"STARTING","19489",\N
"253200330","987","2014-11-21 10:55:01","2014-11-21 10:55:02","2014-11-21 11:00:00",\N,"COMPLETED","19489","1"
"253205257","987","2014-11-21 11:00:02",\N,"2014-11-21 11:00:00",\N,"STARTING","27841",\N
"253205387","987","2014-11-21 11:00:02","2014-11-21 11:00:02","2014-11-21 11:05:00",\N,"COMPLETED","27841","0"
"253209925","987","2014-11-21 11:05:01",\N,"2014-11-21 11:05:00",\N,"STARTING","34918",\N
"253210086","987","2014-11-21 11:05:01","2014-11-21 11:05:01","2014-11-21 11:10:00",\N,"COMPLETED","34918","0"
"253214945","987","2014-11-21 11:10:01",\N,"2014-11-21 11:10:00",\N,"STARTING","43230",\N
"253215059","987","2014-11-21 11:10:01","2014-11-21 11:10:01","2014-11-21 11:15:00",\N,"COMPLETED","43230","0"
"253220217","987","2014-11-21 11:15:01",\N,"2014-11-21 11:15:00",\N,"STARTING","2371",\N
"253220537","987","2014-11-21 11:15:01","2014-11-21 11:15:02","2014-11-21 11:20:00",\N,"COMPLETED","2371","1"
"253225367","987","2014-11-21 11:20:01",\N,"2014-11-21 11:20:00",\N,"STARTING","10829",\N
"253225515","987","2014-11-21 11:20:01","2014-11-21 11:20:01","2014-11-21 11:25:00",\N,"COMPLETED","10829","0"
"253230612","987","2014-11-21 11:25:01",\N,"2014-11-21 11:25:00",\N,"STARTING","18230",\N
"253230708","987","2014-11-21 11:25:01","2014-11-21 11:25:02","2014-11-21 11:30:00",\N,"COMPLETED","18230","1"
"253235719","987","2014-11-21 11:30:02",\N,"2014-11-21 11:30:00",\N,"STARTING","26406",\N
"253235823","987","2014-11-21 11:30:02","2014-11-21 11:30:02","2014-11-21 11:35:00",\N,"COMPLETED","26406","0"
"253240267","987","2014-11-21 11:35:01",\N,"2014-11-21 11:35:00",\N,"STARTING","33727",\N
"253240376","987","2014-11-21 11:35:01","2014-11-21 11:35:01","2014-11-21 11:40:00",\N,"COMPLETED","33727","0"
"253245392","987","2014-11-21 11:40:01",\N,"2014-11-21 11:40:00",\N,"STARTING","42596",\N
"253245518","987","2014-11-21 11:40:01","2014-11-21 11:40:01","2014-11-21 11:45:00",\N,"COMPLETED","42596","0"
"253250875","987","2014-11-21 11:45:01",\N,"2014-11-21 11:45:00",\N,"STARTING","1451",\N
"253251333","987","2014-11-21 11:45:01","2014-11-21 11:45:02","2014-11-21 11:50:00",\N,"COMPLETED","1451","1"
"253255884","987","2014-11-21 11:50:01",\N,"2014-11-21 11:50:00",\N,"STARTING","9943",\N
"253256259","987","2014-11-21 11:50:01","2014-11-21 11:50:02","2014-11-21 11:55:00",\N,"COMPLETED","9943","1"
"253261478","987","2014-11-21 11:55:02",\N,"2014-11-21 11:55:00",\N,"STARTING","17424",\N
"253261539","987","2014-11-21 11:55:02","2014-11-21 11:55:02","2014-11-21 12:00:00",\N,"COMPLETED","17424","0"
"253266487","987","2014-11-21 12:00:02",\N,"2014-11-21 12:00:00",\N,"STARTING","25662",\N
"253266677","987","2014-11-21 12:00:02","2014-11-21 12:00:02","2014-11-21 12:05:00",\N,"COMPLETED","25662","0"
"253271065","987","2014-11-21 12:05:01",\N,"2014-11-21 12:05:00",\N,"STARTING","32607",\N
"253271203","987","2014-11-21 12:05:01","2014-11-21 12:05:01","2014-11-21 12:10:00",\N,"COMPLETED","32607","0"
"253276221","987","2014-11-21 12:10:01",\N,"2014-11-21 12:10:00",\N,"STARTING","41070",\N
"253276400","987","2014-11-21 12:10:01","2014-11-21 12:10:01","2014-11-21 12:15:00",\N,"COMPLETED","41070","0"
"253281284","987","2014-11-21 12:15:01",\N,"2014-11-21 12:15:00",\N,"STARTING","48759",\N
"253281464","987","2014-11-21 12:15:01","2014-11-21 12:15:02","2014-11-21 12:20:00",\N,"COMPLETED","48759","1"
"253286325","987","2014-11-21 12:20:01",\N,"2014-11-21 12:20:00",\N,"STARTING","8454",\N
"253286474","987","2014-11-21 12:20:01","2014-11-21 12:20:02","2014-11-21 12:25:00",\N,"COMPLETED","8454","1"
"253290864","987","2014-11-21 12:25:01",\N,"2014-11-21 12:25:00",\N,"STARTING","15737",\N
"253290960","987","2014-11-21 12:25:01","2014-11-21 12:25:01","2014-11-21 12:30:00",\N,"COMPLETED","15737","0"
"253295839","987","2014-11-21 12:30:01",\N,"2014-11-21 12:30:00",\N,"STARTING","24250",\N
"253295905","987","2014-11-21 12:30:01","2014-11-21 12:30:01","2014-11-21 12:35:00",\N,"COMPLETED","24250","0"
"253301148","987","2014-11-21 12:35:01",\N,"2014-11-21 12:35:00",\N,"STARTING","31597",\N
"253301507","987","2014-11-21 12:35:01","2014-11-21 12:35:02","2014-11-21 12:40:00",\N,"COMPLETED","31597","1"
"253306256","987","2014-11-21 12:40:01",\N,"2014-11-21 12:40:00",\N,"STARTING","40100",\N
"253306399","987","2014-11-21 12:40:01","2014-11-21 12:40:01","2014-11-21 12:45:00",\N,"COMPLETED","40100","0"
"253311350","987","2014-11-21 12:45:01",\N,"2014-11-21 12:45:00",\N,"STARTING","47734",\N
"253311602","987","2014-11-21 12:45:01","2014-11-21 12:45:02","2014-11-21 12:50:00",\N,"COMPLETED","47734","1"
"253316460","987","2014-11-21 12:50:02",\N,"2014-11-21 12:50:00",\N,"STARTING","7436",\N
"253316621","987","2014-11-21 12:50:02","2014-11-21 12:50:02","2014-11-21 12:55:00",\N,"COMPLETED","7436","0"
"253321139","987","2014-11-21 12:55:01",\N,"2014-11-21 12:55:00",\N,"STARTING","14835",\N
"253321248","987","2014-11-21 12:55:01","2014-11-21 12:55:01","2014-11-21 13:00:00",\N,"COMPLETED","14835","0"
"253326135","987","2014-11-21 13:00:01",\N,"2014-11-21 13:00:00",\N,"STARTING","23346",\N
"253326270","987","2014-11-21 13:00:01","2014-11-21 13:00:01","2014-11-21 13:05:00",\N,"COMPLETED","23346","0"
"253331443","987","2014-11-21 13:05:01",\N,"2014-11-21 13:05:00",\N,"STARTING","30600",\N
"253331588","987","2014-11-21 13:05:01","2014-11-21 13:05:01","2014-11-21 13:10:00",\N,"COMPLETED","30600","0"
"253336247","987","2014-11-21 13:10:01",\N,"2014-11-21 13:10:00",\N,"STARTING","38779",\N
"253336364","987","2014-11-21 13:10:01","2014-11-21 13:10:01","2014-11-21 13:15:00",\N,"COMPLETED","38779","0"
"253341471","987","2014-11-21 13:15:02",\N,"2014-11-21 13:15:00",\N,"STARTING","46447",\N
"253341641","987","2014-11-21 13:15:02","2014-11-21 13:15:02","2014-11-21 13:20:00",\N,"COMPLETED","46447","0"
"253346326","987","2014-11-21 13:20:02",\N,"2014-11-21 13:20:00",\N,"STARTING","5801",\N
"253346397","987","2014-11-21 13:20:02","2014-11-21 13:20:02","2014-11-21 13:25:00",\N,"COMPLETED","5801","0"
"253350778","987","2014-11-21 13:25:01",\N,"2014-11-21 13:25:00",\N,"STARTING","13285",\N
"253350873","987","2014-11-21 13:25:01","2014-11-21 13:25:01","2014-11-21 13:30:00",\N,"COMPLETED","13285","0"
"253355732","987","2014-11-21 13:30:01",\N,"2014-11-21 13:30:00",\N,"STARTING","21689",\N
"253355958","987","2014-11-21 13:30:01","2014-11-21 13:30:01","2014-11-21 13:35:00",\N,"COMPLETED","21689","0"
